hotel,county,description,expiry,offer_url,image_url,province,currency,min_price,expiry_date
osprey hotel & spa retreat,kildare,"Rory’s Summer Retreat: B&B, Welcome Drink, Main Course & Leisure Access
2 Sharing: Midweek €165 | Fridays & Saturdays €179
Family: Midweek €232 | Fridays & Saturdays €242","August 31, 2026",https://rorystravelclub.com/pages/ospreyhotelandsparorysummerretreat,https://rorystravelclub.com/cdn/shop/files/Osprey5.png?v=1711453783&width=600,Leinster,€,165.0,
osprey hotel & spa retreat,kildare,"Rory's Stay, Dine and Pamper
B&B, Welcome Drink, Main Course, 25 Min Spa Treatment & Leisure Access
Midweek: 2 Sharing from €290 | 3 Sharing from €390
Friday: 2 Sharing from €310","August 31, 2026",https://rorystravelclub.com/pages/ospreyhotelandsparorystaydinepamper,https://rorystravelclub.com/cdn/shop/files/Osprey5.png?v=1711453783&width=600,Leinster,€,290.0,
glashaus hotel,dublin,15% OFF Room Only and B&B Rates,"May 05, 2027",https://rorystravelclub.com/pages/glashaushotel,https://rorystravelclub.com/cdn/shop/files/glashaus_hotel_13_1.jpg?v=1778232064&width=600,Leinster,,,
plaza hotel tallaght,dublin,"1 Night Package, 2 Night Package & Family Getaway Package
From €189","September 30, 2026",https://rorystravelclub.com/pages/landingpageplazahoteltallaght,https://rorystravelclub.com/cdn/shop/files/606f4ba4-7ea7-4e7c-9bd0-7a7e5ecad428.avif?v=1777375031&width=600,Leinster,€,189.0,
ashdown park hotel,wexford,"B&B, 2 Course Meal, Access to Leisure Facilities & Spa Credit
2 Sharing: Midweek from €149 | Weekends from €189
Solo: Midweek from €119 | Weekends from €145","August 31, 2026",https://rorystravelclub.com/pages/ashdownparkhotelsummer26,https://rorystravelclub.com/cdn/shop/files/hotels1_61.jpg?v=1777374863&width=600,Leinster,€,119.0,
slane castle,meath,"Self Catering 5 Bedroom Apartment
€1200 per night","July 31, 2026",https://rorystravelclub.com/pages/slanecastle2026,https://rorystravelclub.com/cdn/shop/files/8cabe7c3-4705-4e4d-9457-47210d91e5fd_1.avif?v=1779439754&width=600,Leinster,€,1200.0,
aqua sana forest spa,longford,"Spa Access, 50-minute VOYA Illuminating Facial, Hot Drink & Pastry
€120 per person","December 31, 2026",https://rorystravelclub.com/pages/aquasanaforestspa,https://rorystravelclub.com/cdn/shop/files/Aqua-Sana-Longford-Outdoor-Pool-July-2019-IRE-03.webp?v=1777557294&width=600,Leinster,€,120.0,
springhill hotel,kilkenny,"Bed & Breakfast, Plus a Burger and your Choice of Beer or Wine
Solo: Midweek €139 | Weekend €169
2 Sharing: Midweek €159 | Weekend €189","July 31, 2026",https://rorystravelclub.com/pages/springhillhotel,https://rorystravelclub.com/cdn/shop/files/Onsite.jpg?v=1779439033&width=600,Leinster,€,139.0,
tulfarris hotel & golf resort,wicklow,"B&B, A House Cocktail or A Glass of Beer & 1 Activity Per Person
2 Sharing from €199","July 31, 2026",https://rorystravelclub.com/pages/tulfarrishotelandgolfxrtcmarch,https://rorystravelclub.com/cdn/shop/files/Tulfarris_Hotel_2.jpg?v=1716901069&width=600,Leinster,€,199.0,
woodenbridge hotel & lodge,wicklow,"Lodge River Balcony Room With B&B and Main Course
2 Sharing: Thursday & Sunday From €150","September 30, 2026",https://rorystravelclub.com/pages/woodenbridgehotellodge,https://rorystravelclub.com/cdn/shop/files/8d244f20-3e55-4f9c-b246-7eb75a770e45_1.avif?v=1779439358&width=600,Leinster,€,150.0,
mount wolseley hotel  spa & golf resort,carlow,"B&B, Main Course & Choice of Ritual Spa Treatment2 Sharing
2 Sharing: Sunday - Friday €209 | Saturday €259","September 30, 2026",https://rorystravelclub.com/pages/mountwolseleyhtlspartcv2,https://rorystravelclub.com/cdn/shop/files/Mount_Wolseley_5.png?v=1724420566&width=600,Leinster,€,209.0,
mount wolseley self  catering lodges,carlow,"Self Catering in a 4-Bedroom Resort House
Midweek from €160 per night | Friday from €190 per night
Saturday from €250 per night","December 31, 2026",https://rorystravelclub.com/pages/mountwolseleyselfcatering,https://rorystravelclub.com/cdn/shop/files/4_75.png?v=1774947751&width=600,Leinster,€,160.0,
cliff at lyons,kildare,"B&B, Thermal Village Access & Welcome Drink
2 Sharing from €249","August 31, 2026",https://rorystravelclub.com/pages/cliffatlyons,https://rorystravelclub.com/cdn/shop/files/bb784345-ad3b-4233-9423-a7b6f0abd7a2.avif?v=1779439217&width=600,Leinster,€,249.0,
osprey hotel & spa retreat,kildare,"Rory's Time for Me
Luxurious Massage, Taster Facial & Relaxation Session
€99 Per Person","August 16, 2026",https://rorystravelclub.com/pages/ospreyhotelandspatimeforme,https://rorystravelclub.com/cdn/shop/files/Osprey_Spa_Dark_Relaxation_Room.webp?v=1782213925&width=600,Leinster,€,99.0,
osprey hotel & spa retreat,kildare,Afternoon Tea & Pamper Experience from €65pp,"August 16, 2026",https://rorystravelclub.com/pages/ospreyhotelandspaafternoontea,https://rorystravelclub.com/cdn/shop/files/Osprey_Spa_Dark_Relaxation_Room.webp?v=1782213925&width=600,Leinster,€,65.0,
tulfarris hotel & golf resort,wicklow,"Bed & Breakfast, main course & a house cocktail
2 Sharing: Sunday to Thursday from €149","August 31, 2026",https://rorystravelclub.com/pages/tulfarrishotelandgolfxrtc99e,https://rorystravelclub.com/cdn/shop/files/Tulfarris_Hotel_2.jpg?v=1716901069&width=600,Leinster,€,149.0,
croke park hotel,dublin,"Summer Fridays Stay Deal
B&B, Parking & Welcome Glass of Prosecco or Beer
Minimum of 25% Discount","August 31, 2026",https://rorystravelclub.com/pages/crokeparkhotelsummerfriapril,https://rorystravelclub.com/cdn/shop/files/57d686ba-fcd0-47b0-9a27-bc7adf01ed76_1.avif?v=1779883035&width=600,Leinster,,,
croke park hotel,dublin,"2 Sharing Offer
B&B, 2 Course Dinner, a Glass of House Wine or Beer, Room Upgrade & Parking
Minimum of 25% off","August 31, 2026",https://rorystravelclub.com/pages/crokeparkhotel25jantomar2026,https://rorystravelclub.com/cdn/shop/files/35705694-b39c-4a88-9a6b-dcd81ef09661.avif?v=1779883121&width=600,Leinster,,,
croke park hotel,dublin,"Family Offer - 2 Adults & 2 Children
B&B, 2 Course Dinner & Parking
Minimum of 25% OFF","August 31, 2026",https://rorystravelclub.com/pages/crokeparkhotefamilydbbapril,https://rorystravelclub.com/cdn/shop/files/77b8d0ff-489d-4db4-860a-45276d442352_1.avif?v=1779887595&width=600,Leinster,,,
glasson lakehouse,westmeath,"Bed & Breakfast
Sunday to Thursday: 2 Sharing from €199
Select Fridays: 2 Sharing From €279","August 31, 2026",https://rorystravelclub.com/pages/glassonlakehouse-2026-07-01-09-45-16-am,https://rorystravelclub.com/cdn/shop/files/999cc0f0-adfa-475e-ad25-de271ae2e471.avif?v=1782979491&width=600,Leinster,€,199.0,
lawlor's of naas,kildare,"Weekdays: B&B, Main Course & a Drink From €175
Weekends: B&B, 2 Course Dinner & a Drink From €225
Based on 2 sharing","August 31, 2026",https://rorystravelclub.com/pages/lawlorshotelnaas,https://rorystravelclub.com/cdn/shop/files/Lawlors5.png?v=1711453783&width=600,Leinster,€,175.0,
dunboyne castle hotel & spa,meath,"B&B, 30min Non-Contact Treatment, 2-Hour Access to Thermal Facilities & House Cocktail
€195 per single room | €250 per double/twin room","August 31, 2026",https://rorystravelclub.com/pages/dunboynecastlespaoffer,https://rorystravelclub.com/cdn/shop/files/Dunboyne_Spa1.png?v=1750262495&width=600,Leinster,€,195.0,
the johnstown estate hotel spa day,meath,"30 Min Treatment, 90 Min Thermal Experience, Relaxation Room Access & Glass of Prosecco/Mocktail
From €99 Per Person","September 30, 2026",https://rorystravelclub.com/pages/thejohnstownestatespa,https://rorystravelclub.com/cdn/shop/files/1_48.png?v=1772633299&width=600,Leinster,€,99.0,
killeen castle,meath,"Bed, Breakfast & 18 Holes on the Jack Nicklaus-Designed Championship Golf Course
15% OFF for 2 Sharing","August 07, 2026",https://rorystravelclub.com/pages/killeencastlestayandplay,https://rorystravelclub.com/cdn/shop/files/killeencastle.avif?v=1781514894&width=600,Leinster,,,
the lodges at johnstown estate,meath,"Self-Catering Lodges & Leisure Centre Access
midweek From €140 | Fridays From €180","August 31, 2026",https://rorystravelclub.com/pages/johnstownestatelodgesxrtchotw,https://rorystravelclub.com/cdn/shop/files/Johnstown_Estate_lodges.png?v=1768826350&width=600,Leinster,€,140.0,
ravenport resort,wexford,"Sunday Stays Spa Special
B&B, Spa Treatment & Late Checkout
2 Sharing from €170 | Solo from €120","December 31, 2026",https://rorystravelclub.com/pages/ravenportresort,https://rorystravelclub.com/cdn/shop/files/738162705.jpg?v=1782375371&width=600,Leinster,€,120.0,
the hoban hotel,kilkenny,"B&B, Main Course & Glass of Wine/Beer
July & August: 2 Sharing: Sunday - Thursday €159 | Fridays €169
September: 2 Sharing: Sunday - Thursday €149 | Fridays €159","September 30, 2026",https://rorystravelclub.com/pages/hobanhotelsummer26,https://rorystravelclub.com/cdn/shop/files/36bf5954-0eb2-4906-944e-5a8a4a06de9c.avif?v=1782376765&width=600,Leinster,€,149.0,
castle varagh hotel,westmeath,"Summer Stay: B&B, Early Check in or Late Checkout & Welcome Drink | 2 Sharing from €99
Explore Castlepollard: B&B, Early Check in or Late Checkout, Welcome Drink & Visit the Gardens at Tullynally Castle | 2 Sharing from €109","September 30, 2026",https://rorystravelclub.com/pages/castlevaraghhotel,https://rorystravelclub.com/cdn/shop/files/castle_varagh_hotel.jpg?v=1780909063&width=600,Leinster,€,99.0,
newtown park hotel,wexford,"B&B, Bottle of Prosecco & Chocolates
10% OFF Treatment
2 Sharing: Sunday - Thursday €119 | Friday €159","June 26, 2026",https://rorystravelclub.com/pages/newtownparkhotel226,https://rorystravelclub.com/cdn/shop/files/Newtown_Park4.png?v=1737987785&width=600,Leinster,€,119.0,
arklow bay,wicklow,"1 Night Bed & Breakfast
2 Sharing from €99","July 31, 2026",https://rorystravelclub.com/pages/arklowbayhoteljune,https://rorystravelclub.com/cdn/shop/files/arklow.jpg?v=1719935927&width=600,Leinster,€,99.0,
powerscourt springs health farm,wicklow,"3 Offers to Choose From!
Midweek from €99pp | Fri, Sat or Bank Holidays from €135pp","August 31, 2026",https://rorystravelclub.com/pages/landingpagepowerscourtsprings,https://rorystravelclub.com/cdn/shop/files/powerscourt_springs_health_farm.avif?v=1781516561&width=600,Leinster,€,99.0,
fitzwilton hotel,waterford,"Sunday Only Special
B&B, Early Check in & Late Check Out
2 Sharing from €149","September 30, 2026",https://rorystravelclub.com/pages/fitzwiltonhotelhotw1,https://rorystravelclub.com/cdn/shop/files/b32aacc8-c39b-473b-930e-f6923b644005.webp?v=1779784171&width=600,Munster,€,149.0,
fitzwilton hotel,waterford,"B&B, Main Course, Bottle of Wine, Early Check In & Late Check Out
2 Sharing: Sunday – Thursday €169 | Fridays €179
Saturdays €199","September 30, 2026",https://rorystravelclub.com/pages/fitzwiltonhotelhotw2,https://rorystravelclub.com/cdn/shop/files/39d76833-767d-4e8d-98ab-0a1858388343.avif?v=1779784411&width=600,Munster,€,169.0,
the anner hotel,tipperary,"B&B, Main Course, Late Check Out & Leisure Centre Access
2 Sharing from €149 | Family (2+1) from €180 | Family (2+2) from €199","September 30, 2026",https://rorystravelclub.com/pages/theannerhotel26,https://rorystravelclub.com/cdn/shop/files/f72b8587-9cbe-4441-8255-6342cea4bf2e.avif?v=1779438907&width=600,Munster,€,149.0,
the rine hotel,clare,"B&B & €40 Dining Credit
2 Sharing: Sunday - Thursday From €169
Family Room: Sunday - Thursday From €189","July 31, 2026",https://rorystravelclub.com/pages/therinehotel,https://rorystravelclub.com/cdn/shop/files/71f64076-fb31-4511-a075-fd82fe1439af.avif?v=1777374963&width=600,Munster,€,40.0,
talbot hotel cork,cork,"Offer 1 - Couples Offer: 20% OFF 2 Night B&B, Dinner & Access to Leisure Centre
Offer 2 - Family Offer: 20% OFF 2 Night B&B and 10% Dining Credit","December 31, 2026",https://rorystravelclub.com/pages/talbothotelcork,https://rorystravelclub.com/cdn/shop/files/093472d0-9cfb-486e-8ef8-1d32cf1689ec.avif?v=1782979687&width=600,Munster,,,
eccles hotel & spa,cork,"B&B, 2 Course Meal & A Bottle of House Wine
€250 For 2 Sharing","August 31, 2026",https://rorystravelclub.com/pages/eccleshotelandspa,https://rorystravelclub.com/cdn/shop/files/Eccles_Hotel_5.png?v=1724410487&width=600,Munster,€,250.0,
actons hotel kinsale,cork,25% OFF Best Available Bed & Breakfast Rate for 2 Sharing,"December 21, 2026",https://rorystravelclub.com/pages/actionshotelkinsale,https://rorystravelclub.com/cdn/shop/files/actonshotelkinsale.webp?v=1781514556&width=600,Munster,,,
schull harbour hotel,cork,"B&B & Welcome Drink
2 Sharing: Sunday - Thursday from €130
Friday & Saturday from €180","June 30, 2026",https://rorystravelclub.com/pages/schullharbourhotel,https://rorystravelclub.com/cdn/shop/files/SCHULL_HARBOUR_HOTEL_5.png?v=1749216486&width=600,Munster,€,130.0,
the dean cork,cork,"30% OFF Best Available Room Only Rates
From €126 for 2 Sharing","August 31, 2026",https://rorystravelclub.com/pages/thedeancork,https://rorystravelclub.com/cdn/shop/files/8abe0229-c635-43be-9b20-e7a050bf316f.avif?v=1779438964&width=600,Munster,€,126.0,
fitzwilton hotel,waterford,"2 Nights B&B, Main Course, Bottle of Wine, Early Check In & Late Check Out
2 Sharing: Sunday – Thursday €298
Fridays & Saturdays €358","September 30, 2026",https://rorystravelclub.com/pages/fitzwiltonhotelhotw3,https://rorystravelclub.com/cdn/shop/files/64bc5809-3749-4b32-a982-c2414aadfdeb.avif?v=1779784292&width=600,Munster,€,298.0,
the heights hotel killarney,kerry,"B&B, Main Course & Cocktail
€159 for 2 Sharing","July 30, 2026",https://rorystravelclub.com/pages/theheightshotel,https://rorystravelclub.com/cdn/shop/files/585875811_1.jpg?v=1778681108&width=600,Munster,€,159.0,
the manor west hotel,kerry,"Offer 1: 15% off Family B&B Rates + €40 Dining Credit
Offer 2: 15% off B&B rates","November 30, 2026",https://rorystravelclub.com/pages/manorwesthotel,https://rorystravelclub.com/cdn/shop/files/The_Manor_West_Hotel.png?v=1708355146&width=600,Munster,€,40.0,
international hotel killarney,kerry,"B&B, Welcome Drink, €10 Dining Credit & Late Check-Out
€225 Midweek | €245 Fridays
€265 Saturdays for 2 Sharing","September 30, 2026",https://rorystravelclub.com/pages/internationalhotelkillarney,https://rorystravelclub.com/cdn/shop/files/internationalhotelkillarney.avif?v=1781515229&width=600,Munster,€,10.0,
the rose hotel,kerry,"2 Nights B&B Stay with a Cocktail, Four-Course Dinner on 1 Evening & Access to Spirit Gym
20% OFF for up to 3 Sharing","December 29, 2026",https://rorystravelclub.com/pages/therosehotel,https://rorystravelclub.com/cdn/shop/files/The_Rose_Hotel5.png?v=1769014089&width=600,Munster,,,
killarney oaks hotel,kerry,"B&B, 3 Course Meal & Bottle of Wine
2 Sharing from €219","July 31, 2026",https://rorystravelclub.com/pages/killarneyoakshoteljuly,https://rorystravelclub.com/cdn/shop/files/c70c955d-1257-4a2a-b928-15a6147465a1.avif?v=1782376957&width=600,Munster,€,219.0,
talbot hotel midleton,cork,"Offer 1: 1 Night B&B, Tea/Coffee & Scones on Arrival, Bottle of Wine and Welcome Plate, Early Check In & Late Check Out from €75pp
Offer 2: 1 Night Room Only, Tea/Coffee & Scones on Arrival,
Dining Credit, Early Check In & Late Check Out - 2 Sharing from €179","July 31, 2026",https://rorystravelclub.com/pages/talbothotelmidletonjune,https://rorystravelclub.com/cdn/shop/files/642250c3-8ee3-49a9-a5b8-f81fe893ec01.avif?v=1782376891&width=600,Munster,€,75.0,
viking hotel,waterford,"2 Nights B&B, Welcome Drink, 3 Course Evening Meal & More
Solo from €260 | 2 Sharing from €350","December 31, 2026",https://rorystravelclub.com/pages/vikinghotel-nye2026,https://rorystravelclub.com/cdn/shop/files/dcc9112e-0f33-44b1-9073-c5da35775a43.avif?v=1782375469&width=600,Munster,€,260.0,
4* markree castle,sligo,"B&B, 2 Course Dinner & Glass of Wine
2 Sharing from €299","August 29, 2026",https://rorystravelclub.com/pages/markreecastlemay,https://rorystravelclub.com/cdn/shop/files/87f4e691-77a3-4c7d-8d14-a32118b31725.avif?v=1778680859&width=600,Connacht,€,299.0,
4* abbey hotel,roscommon,"B&B, 2 Course Dinner & Glass of Wine
2 Sharing from €179","September 30, 2026",https://rorystravelclub.com/pages/abbeyhtlcoroscommonxrtc,https://rorystravelclub.com/cdn/shop/files/f58bc8cf-c561-4ea4-bebb-556c8351814f.webp?v=1779439442&width=600,Connacht,€,179.0,
the address sligo,sligo,"B&B, Cocktail & Thermal Suite Access
2 Sharing from €195","September 30, 2026",https://rorystravelclub.com/pages/theaddresssligosummer26,https://rorystravelclub.com/cdn/shop/files/8daa6443-12bd-45b1-a699-bcba167240e4.avif?v=1779439674&width=600,Connacht,€,195.0,
raheen woods hotel,galway,"B&B, Main Course & Cocktail
2 sharing: Sunday-Thursday €169 | Friday €179 | Saturday €199","July 31, 2026",https://rorystravelclub.com/pages/raheenwoodshotel,https://rorystravelclub.com/cdn/shop/files/33667ab9-0883-4ef9-9c06-7bba598637ad_1.avif?v=1779439167&width=600,Connacht,€,169.0,
cashel house hotel,galway,"15% OFF B&B with 3 Course Meal or 20% OFF Bed and Breakfast
Bring Your Pet for Free!","December 31, 2026",https://rorystravelclub.com/pages/cashelhousehotel,https://rorystravelclub.com/cdn/shop/files/730ce9dc-380e-4ad5-be51-3a855ecdc9ab.avif?v=1781883651&width=600,Connacht,,,
clifden station house hotel,galway,"Select Dates in July 2026
Bed, Breakfast, 3 Course Evening Meal & Bottle of Wine
€220 for 2 Sharing","July 31, 2026",https://rorystravelclub.com/pages/clifdenstationhousehotelxrtcjuly,https://rorystravelclub.com/cdn/shop/files/Exterior-4-WEB-1024x576.webp?v=1777374769&width=600,Connacht,€,220.0,
menlo park hotel,galway,"B&B with main course & bottle of house wine
2 Sharing: Weekdays from €189 | weekends from €209
Solo: Weekdays from €160 | weekends from €180","August 31, 2026",https://rorystravelclub.com/pages/menloparkhotel,https://rorystravelclub.com/cdn/shop/files/MENLO_PARK_5.png?v=1741184414&width=600,Connacht,€,160.0,
delphi resort,galway,"B&B in a Suite, 2 Course Meal, Thermal Suite Access & Late Checkout
2 Sharing from €199","December 31, 2026",https://rorystravelclub.com/pages/delphiresort26,https://rorystravelclub.com/cdn/shop/files/1_38.png?v=1771587037&width=600,Connacht,€,199.0,
lough rynn castle,leitrim,"B&B, Welcome Drink & Late Checkout
From €169 for 2 Sharing","August 31, 2026",https://rorystravelclub.com/pages/loughrynncastle25,https://rorystravelclub.com/cdn/shop/files/Lough_rynn_castle_1.jpg?v=1750860162&width=600,Connacht,€,169.0,
collanmore island lodge group accommodation,mayo,"3 Nights for the price of 2!
Includes Ferry Transfers, Various Experiences & Entertainment from €99pp per night
Private Island Stay | Sleeps 20","December 31, 2026",https://rorystravelclub.com/pages/collanmoreislandlodge,https://rorystravelclub.com/cdn/shop/files/COLLANMORE_ISLAN_LODGE_1.png?v=1747143989&width=600,Connacht,€,99.0,
breaffy house hotel & spa,mayo,15% Discount on 7 Packages for RTC Members for 2026,"December 31, 2026",https://rorystravelclub.com/pages/breaffyhouseresort,https://rorystravelclub.com/cdn/shop/files/Breaffy_House_Hotel5.png?v=1711020792&width=600,Connacht,,,
kiltimagh park hotel,mayo,"B&B, Prosecco on Arrival, Late Checkout & More
Solo from €129 | 2 Sharing from €145
Family Room (2+2) from €180 | 4 Sharing (Adults) from €210","July 31, 2026",https://rorystravelclub.com/pages/kiltimaghparkhotel,https://rorystravelclub.com/cdn/shop/files/Kiltimagh_Park_Hotel5.png?v=1712068316&width=600,Connacht,€,129.0,
mount falcon estate,mayo,"Bed, Breakfast & Complimentary Birds of Prey Experience
2 Sharing: Sunday - Thursday €259 | Friday & Saturday €280","September 30, 2026",https://rorystravelclub.com/pages/lpmountfalconestate,https://rorystravelclub.com/cdn/shop/files/Mount-Falcon-Estate_1.jpg?v=1781883798&width=600,Connacht,€,259.0,
kilronan castle estate,roscommon,"B&B, High Tea, Thermal Suite Access & Welcome Drink
2 Sharing: Midweek €199 | Friday €259 | Saturday €279","July 31, 2026",https://rorystravelclub.com/pages/kilronancastlehotelspfridayoffer,https://rorystravelclub.com/cdn/shop/files/Kilronan_Castle_Estate.jpg?v=1721223711&width=600,Connacht,€,199.0,
diamond coast hotel family offer,sligo,"Bed & Breakfast In A Bunk Bed Room
Family of 2 Plus 2 for €189","September 30, 2026",https://rorystravelclub.com/pages/diamondcoasthoteloffer2,https://rorystravelclub.com/cdn/shop/files/Diamond_Coast_Hotel5.png?v=1712068243&width=600,Connacht,€,189.0,
an chúirt hotel,donegal,15% OFF B&B Packages,"December 31, 2026",https://rorystravelclub.com/pages/anchuirthotel,https://rorystravelclub.com/cdn/shop/files/an_chuirt.jpg?v=1727450034&width=600,Ulster,,,
hillyard house hotel,down,"B&B, 2 course meal, bottle of bubbles + late check out
Sunday - Thursday £150
Friday from £180 | Saturday from £190","November 15, 2026",https://rorystravelclub.com/pages/hillyardhousehotel26,https://rorystravelclub.com/cdn/shop/files/Hillyard_House_Hotel2.png?v=1738078578&width=600,Unknown,£,150.0,
willow lodge estate,down,"RTC members will save £50 per night
Midweek prices: £170
Weekend prices: £200","December 31, 2026",https://rorystravelclub.com/pages/willowlodgeestate,https://rorystravelclub.com/cdn/shop/files/1_42.png?v=1772616381&width=600,Unknown,£,50.0,
four seasons hotel & leisure club,monaghan,"B&B, Sharing Board, Glass of Wine or Beer, Late Check Out & Leisure Facility Access
2 Sharing from €165 | Solo from €145
Fridays & Saturdays from €199","July 31, 2026",https://rorystravelclub.com/pages/fourseasonshotelmonaghan,https://rorystravelclub.com/cdn/shop/files/Four_Seasons_Hotel_Leisure_Club_Monaghan.jpg?v=1721738006&width=600,Ulster,€,145.0,
farnham estate spa and golf resort,cavan,"Save 20% on Bed & Breakfast
Prices from €144/£124 for 2 sharing","July 09, 2026",https://rorystravelclub.com/pages/farnhamestatespaandgolfresortcavan-summer2026,https://rorystravelclub.com/cdn/shop/files/Farnham_5.png?v=1721227710&width=600,Ulster,€,124.0,
5* slieve donard,down,"15% off Best Available Rate, Complimentary Room Upgrade & Late Checkout","December 31, 2026",https://rorystravelclub.com/pages/slievedonard,https://rorystravelclub.com/cdn/shop/files/Slieve_Donard5.png?v=1730895239&width=600,Unknown,,,
redcastle hotel and spa,donegal,"Dinner, Drinks and Donegal Package from €159 for 2 Sharing
2 Night Coastal Getaway Package from €239 for 2 Sharing!","July 31, 2026",https://rorystravelclub.com/pages/landingpageredcastlehotelandspa,https://rorystravelclub.com/cdn/shop/files/Redcastle_1_63a0fe09-0d56-4ed8-ac77-8f44bab1a92a.jpg?v=1719928188&width=600,Ulster,€,159.0,
canal court hotel,down,"B&B, Main Course & Cocktail
2 Sharing: Sunday - Thursday from £149 | Fridays from £165 | Saturdays from £185","July 31, 2026",https://rorystravelclub.com/pages/canalcourthotel26?vgo_ee=UoO6fEF70CmpupY8Xg7%2BADjqH%2FtCBHPv%2FT2i8Jp9ZdNmLzHyNtmqsLUL%3ADQAOTQ%2FfftFEt3A6GxM%2B2srSMUZrFMrE,https://rorystravelclub.com/cdn/shop/files/f1475f0f-8383-4803-90d3-8aa13e1afeca.avif?v=1778680697&width=600,Unknown,£,149.0,
clayton belfast,antrim,"B&B, Main Course & Cocktail - 2 Sharing from £129
B&B, 2 Courses & 2 Cocktails - Solo from £129
Family Room Option from £155","July 31, 2026",https://rorystravelclub.com/pages/claytonbelfast26,https://rorystravelclub.com/cdn/shop/files/Clayton_Belfast_5.png?v=1721226537&width=600,Unknown,£,129.0,
"queen's hotel, belfast",antrim,"Bed & Breakfast, 2 Course Evening Meal & Choice of Drink
Sunday to Friday: £149 for 2 Sharing","June 28, 2026",https://rorystravelclub.com/pages/queenshotelbelfast2026,https://rorystravelclub.com/cdn/shop/files/queenshotel.avif?v=1781515510&width=600,Unknown,£,149.0,
5* fitzwilliam hotel,antrim,"2 Nights B&B, Welcome Cocktail & Early Check In or Late Check Out
2 Sharing: Sunday - Thursday from £398
Fridays & Saturdays from £450","July 31, 2026",https://rorystravelclub.com/pages/fitzwilliamhotelbelfast,https://rorystravelclub.com/cdn/shop/files/the-fitzwilliam-hotel_a1c1b075-869c-439a-9db0-315289296130.jpg?v=1778680963&width=600,Unknown,£,398.0,
cabra castle hotel,cavan,"Bed, Breakfast & 5 Course Dinner
2 Sharing from €285","August 31, 2026",https://rorystravelclub.com/pages/cabracastlehotel26,https://rorystravelclub.com/cdn/shop/files/Cabra_Castle5.png?v=1712225336&width=600,Ulster,€,285.0,
cavan crystal hotel,cavan,"B&B, Main Course, House Cocktail & Late Checkout
2 Sharing: Sunday to Thursday from €159 | Friday from €175
Solo Sunday - Thursday from €134 | Friday from €150","August 31, 2026",https://rorystravelclub.com/pages/cavancrystal1,https://rorystravelclub.com/cdn/shop/files/83a2d3af-6f1b-4faf-86d7-4b370d05ae76.avif?v=1782916339&width=600,Ulster,€,134.0,
clandeboye lodge hotel,down,Exclusive 20% Off ‘Taste of Freedom’ Package,"September 30, 2026",https://rorystravelclub.com/pages/clandeboyelodgehotel2526?vgo_ee=iqK8xrn3FzYNhZ%2Fji9jJtJ%2FaZukHbaEg11U%2FJaYvAtAM79F7jiv1ogPU%3Ac4mFFAvgXLm05SwD%2FdR%2BmYTFKQzaFC6%2B,https://rorystravelclub.com/cdn/shop/files/12dfda92-d979-4996-8d0b-f65394600a53.avif?v=1781883530&width=600,Unknown,,,
burrendale hotel,down,"B&B, Main course, a bottle of wine & Leisure Facility Access
Sun-Thurs : Solo From £109 | 2 Sharing From £149
Sun-Fri: 2 adults + 2 children from £189","August 31, 2026",https://rorystravelclub.com/pages/burrendalehotel25,https://rorystravelclub.com/cdn/shop/files/burrendale_hotel_1_26f6a07e-1e87-4312-af74-5c4cc228b1ce.jpg?v=1754315989&width=600,Unknown,£,109.0,
burrendale hotel,down,"Family Exclusive | Sunday - Friday until the end of August
Three Night B&B Stay, Main Course each evening & Access to Leisure Facilities
Family of 4 from £549","June 30, 2026",https://rorystravelclub.com/pages/burrendalehoteljuly26,https://rorystravelclub.com/cdn/shop/files/061b9fe1-6254-4b12-ae1c-1734dbada022.avif?v=1781607117&width=600,Unknown,£,549.0,
burrendale hotel,down,"Monday - Saturday until end of August
Afternoon Tea & Leisure Facility Access
From £25.00 per person","August 31, 2026",https://rorystravelclub.com/pages/burrendalehotelafternoontea,https://rorystravelclub.com/cdn/shop/files/45d83dac-62fa-432f-b964-c715af74b676.avif?v=1781607183&width=600,Unknown,£,25.0,
cavan crystal hotel,cavan,"2 Nights B&B, Main Course, House Cocktail & Late Checkout
2 Sharing: Sunday to Thursday from €269 | Friday from €309
Solo: Sunday - Thursday from €234 | Friday from €274","August 31, 2026",https://rorystravelclub.com/pages/cavancrystal2,https://rorystravelclub.com/cdn/shop/files/114189916.jpg?v=1782916379&width=600,Ulster,€,234.0,
cavan crystal hotel,cavan,"3 Nights B&B, Main Course, House Cocktail & Late Checkout
2 Sharing: Sunday to Thursday from €390 | Friday from €408
Solo: Sunday - Thursday from €345 | Friday from €357","August 31, 2026",https://rorystravelclub.com/pages/cavancrystal3,https://rorystravelclub.com/cdn/shop/files/469430358.jpg?v=1782916430&width=600,Ulster,€,345.0,
redcastle hotel and spa,donegal,"2 Night Coastal Getaway!
2 Nights B&B, Room Upgrade, Glass of Bubbly, Spa Retail Credit & Leisure Facilities Access
2 Sharing: Midweek from €239 | Limited Weekends from €449","July 29, 2026",https://rorystravelclub.com/pages/redcastlehtlandspaoffer3,https://rorystravelclub.com/cdn/shop/files/Redcastle_1_63a0fe09-0d56-4ed8-ac77-8f44bab1a92a.jpg?v=1719928188&width=600,Ulster,€,239.0,
db stays,antrim,10%OFF a 2-Night Stay at DB Stays in Portrush (Save £50+),"December 31, 2026",https://rorystravelclub.com/pages/dbstaysoffer25,https://rorystravelclub.com/cdn/shop/files/DB_STAYS_4.png?v=1747143983&width=600,Unknown,£,50.0,
city hotel derry,derry,"3 Nights Dinner, Bed & Breakfast
2 Sharing: £455
Family of 3: £510 | Family of 4: £550","August 27, 2026",https://rorystravelclub.com/pages/cityhotelderryfamily26,https://rorystravelclub.com/cdn/shop/files/derry_city_hotel_2.jpg?v=1710433286&width=600,Unknown,£,455.0,
"mcgettigan’s hotel, letterkenny",donegal,Get 15% Discount on Bed & Breakfast,"December 31, 2026",https://rorystravelclub.com/pages/mcgettiganshotel,https://rorystravelclub.com/cdn/shop/files/McGettigan_s_Hotel_Letterkenny_3.jpg?v=1752767202&width=600,Ulster,,,
sweeneys hotel,donegal,"Bed, Breakfast, Main Course & Cocktail
Midweek €155 | Weekend €175","July 31, 2026",https://rorystravelclub.com/pages/sweeneyshoteldungloe,https://rorystravelclub.com/cdn/shop/files/1_93.png?v=1776416880&width=600,Ulster,€,155.0,
ballyliffin lodge hotel and spa,donegal,"Offer 1: 1 Night B&B, Evening Meal & Spa Treatment
From €229 for 2 Sharing
Offer 2: 2 Nights B&B, Evening Meal & Spa Treatment
From €340 for 2 Sharing","August 31, 2026",https://rorystravelclub.com/pages/ballyliffinlodgexrtc,https://rorystravelclub.com/cdn/shop/files/Mobile_Rory_Travel_1.png?v=1782740865&width=600,Ulster,€,229.0,
mountainview lodge,down,2-Night Stay at Mountainview Lodge in Mourne Mountains for £950,"December 31, 2026",https://rorystravelclub.com/pages/mountainviewlodge25,https://rorystravelclub.com/cdn/shop/files/Mountain_View_Lodge_4_9c4fd2b7-4305-4060-9312-14488cdfc6dc.png?v=1747323677&width=600,Unknown,£,950.0,
errigal country house hotel,cavan,3 Great Offers to Choose From,"August 31, 2026",https://rorystravelclub.com/pages/lperrigalcountryhousehotel,https://rorystravelclub.com/cdn/shop/files/ERRIGAL_COUNTRY_HOUSE_HOTEL_2.jpg?v=1754315989&width=600,Ulster,,,
glenavon hotel,tyrone,"B&B, Main Course, Cocktail & Leisure Centre Access
2 Sharing from £159","September 30, 2026",https://rorystravelclub.com/pages/glenavonhotel,https://rorystravelclub.com/cdn/shop/files/5c05184f-028a-4861-baea-e1dc980d94fc.avif?v=1782377179&width=600,Unknown,£,159.0,
la mon hotel & country club,down,"2 Nights B&B, Main Course with Glass of Wine On One Night & Leisure Facility Access
Sunday - Thursday From £219 | Fridays & Saturdays From £239","August 31, 2026",https://rorystravelclub.com/pages/lamonhtlcc,https://rorystravelclub.com/cdn/shop/files/503e553c-583a-4664-8979-b8a86f342a0b.avif?v=1781883597&width=600,Unknown,£,219.0,
lusty beg island resort & spa,fermanagh,"2 Night B&B Stay With Bottle of Prosecco
2 sharing from £248","August 31, 2026",https://rorystravelclub.com/pages/lustybegislandsummer2026,https://rorystravelclub.com/cdn/shop/files/0886f819-df09-4a85-a79d-25b527852839.avif?v=1782376824&width=600,Unknown,£,248.0,
moxy belfast city,antrim,"B&B with moxy cocktail, bottle of prosecco & late checkout
2 Sharing: sun-thurs from £129 | friday from £149 | Saturday from £189
Solo: sun-thurs from £119 | friday from £139 | Saturday from £179","September 30, 2026",https://rorystravelclub.com/pages/moxyhotel-belfast,https://rorystravelclub.com/cdn/shop/files/20801011-e768-4c68-a903-ab9c974ac7aa.avif?v=1782979349&width=600,Unknown,£,119.0,
room2,down,"2 Night B&B stay, Room Upgrade & Late Checkout Until 2pm
2 Sharing from £300","July 31, 2026",https://rorystravelclub.com/pages/room2,https://rorystravelclub.com/cdn/shop/files/54ad45f6-1484-4fd9-bc74-ffbb1e158e36.avif?v=1781883738&width=600,Unknown,£,300.0,
the lake of shadows hotel,donegal,"20% OFF Stays & Late Check Out*
2 Sharing: Midweek Stay from €89.60 | Friday from €97.60","August 21, 2026",https://rorystravelclub.com/pages/thelakeofshadowshotel,https://rorystravelclub.com/cdn/shop/files/hotel_exterior_hi_res.jpg?v=1782377014&width=600,Ulster,€,89.6,
the lough & quay - wellness escape,down,"Stay in a Sea View Room & Wellness Session at Revive Saunas Rostrevor

£110 for 2 Sharing","July 16, 2026",https://rorystravelclub.com/pages/theloughandquay,https://rorystravelclub.com/cdn/shop/files/1cef583c-3f38-4420-9e93-c8ac06fef6e9.avif?v=1781883688&width=600,Unknown,£,110.0,
the marcus portrush,antrim,"Offer 1: B&B, 2 Course Dinner, Free Bottle of Wine & Late Checkout
Sunday - Thursday from £160 | Friday from £180 | Saturday from £190
Offer 2: 2 Nights B&B,2 COurse dinner, Free Bottle of Wine & Late Checkout
Sunday - Wed from £290 | Friday from £390","July 31, 2026",https://rorystravelclub.com/pages/themarcusportrush,https://rorystravelclub.com/cdn/shop/files/1_18.png?v=1769432381&width=600,Unknown,£,160.0,
the valley hotel,tyrone,"2 Nights B&B, Packed Lunch, Bottle of Bubbly & Late Checkout
2 Sharing: Midweeks from £170 | Weekends from £200","June 30, 2026",https://rorystravelclub.com/pages/thevalleyhotelxrtc,https://rorystravelclub.com/cdn/shop/files/valleyhotel.avif?v=1781516159&width=600,Unknown,£,170.0,
